{
  "rpc_nodes": [
    "https://api.steemit.com",
    "https://rpc.buildteam.io",
    "https://steemd.minnowsupportproject.org",
    "https://steemd.privex.io",
    "https://gtg.steem.house:8090"
  ],
  "backup_mode": false,
  "disabled_mode": false,
  "detailed_logging": false,
  "owner_account": "bot_owner_account_name",
  "account": "your_bot_account_name",
  "memo_key": "your_private_memo_key",
  "posting_key": "your_private_posting_key",
  "active_key": "your_private_active_key",
  "auto_claim_rewards" : true,
  "post_rewards_withdrawal_account": "withdraw_liquid_post_rewards_to_account",
  "min_bid": 0.1,
  "max_bid": 50,
  "max_bid_whitelist": 999,
  "batch_vote_weight": 100,
  "min_post_age": 20,
  "max_post_age": 84,
  "allow_comments": false,
  "currencies_accepted": ["SBD", "STEEM"],
  "refunds_enabled": true,
  "min_refund_amount": 0.002,
  "no_refund": ["bittrex", "poloniex", "openledger", "blocktrades", "minnowbooster", "ginabot"],
  "comment_location": "comment.md",
  "max_per_author_per_round": 1,
  "price_source": "bittrex",
  "blacklist_settings": {
    "flag_signal_accounts": ["spaminator", "cheetah", "steemcleaners", "mack-bot"],
    "blacklist_location": "blacklist",
    "shared_blacklist_location": "",
    "whitelist_location": "",
    "whitelist_only": false,
    "refund_blacklist": false,
    "blacklist_donation_account": "steemcleaners",
    "blacklisted_tags": ["nsfw"]
  },
  "auto_withdrawal": {
    "active": true,
    "accounts": [
      {
        "name": "$delegators",
        "stake": 8000,
        "overrides": [
          { "name": "delegator_account", "beneficiary": "beneficiary_account" }
        ]
      },
      {
        "name": "yabapmatt",
        "stake": 2000
      }
    ],
    "frequency": "daily",
    "execute_time": 20,
    "memo": "# Daily Earnings - {balance} | Thank you!"
  },
  "api": {
    "enabled": true,
    "port": 3000
  },
  "transfer_memos": {
    "bot_disabled": "Refund for invalid bid: {amount} - The bot is currently disabled.",
    "below_min_bid": "Refund for invalid bid: {amount} - Min bid amount is {min_bid}.",
    "above_max_bid": "Refund for invalid bid: {amount} - Max bid amount is {max_bid}.",
    "above_max_bid_whitelist": "Refund for invalid bid: {amount} - Max bid amount for whitelisted users is {max_bid_whitelist}.",
    "invalid_currency": "Refund for invalid bid: {amount} - Bids in {currency} are not accepted.",
    "no_comments": "Refund for invalid bid: {amount} - Bids not allowed on comments.",
    "already_voted": "Refund for invalid bid: {amount} - Bot already voted on this post.",
    "max_age": "Refund for invalid bid: {amount} - Posts cannot be older than {max_age}.",
    "min_age": "Your bid has been added to the following round since the post is less than {min_age} minutes old.",
    "invalid_post_url": "Refund for invalid bid: {amount} - Invalid post URL in memo.",
    "blacklist_refund": "Refund for invalid bid: {amount} - The author of this post is on the blacklist.",
    "blacklist_no_refund": "Bid is invalid - The author of this post is on the blacklist.",
    "blacklist_donation": "Bid from blacklisted/flagged user sent as a donation. Thank you!",
    "flag_refund": "Refund for invalid bid: {amount} - This post has been flagged by one or more spam / abuse indicator accounts.",
    "flag_no_refund": "Bid is invalid - This post has been flagged by one or more spam / abuse indicator accounts.",
    "blacklist_tag": "Bid is invalid - This post contains the [{tag}] tag which is not allowed by this bot.",
    "bids_per_round": "Bid is invalid - This author already has the maximum number of allowed bids in this round.",
    "round_full": "The current bidding round is full. Your bid has been submitted into the following round.",
    "next_round_full": "Cannot deliver min return for this size bid in the current or next round. Please try a smaller bid amount.",
    "forward_payment": "Payment forwarded from @{tag}.",
    "whitelist_only": "Bid is invalid - Only posts by whitelisted authors are accepted by this bot."
  }
}
